City_ID,City,Country,Date,Lat,Lng,Max Temp,Humidity,Cloudiness,Wind Speed
0,Bandarbeyla,SO,2021-04-20 19:48:42,9.4942,50.8122,82.11,76,100,8.23
1,Mar Del Plata,AR,2021-04-20 19:45:00,-38.0023,-57.5575,69.8,78,20,19.57
2,Rikitea,PF,2021-04-20 19:48:42,-23.1203,-134.9692,77.49,73,59,5.28
3,Bhachau,IN,2021-04-20 19:48:43,23.2833,70.35,80.53,48,71,7.81
4,Olafsvik,IS,2021-04-20 19:44:03,64.8945,-23.7142,39.9,74,36,11.16
5,Kodiak,US,2021-04-20 19:46:29,57.79,-152.4072,42.8,87,90,6.91
6,Codrington,AU,2021-04-20 19:48:43,-38.2667,141.9667,50.41,57,100,5.44
7,San Quintin,MX,2021-04-20 19:48:44,30.4833,-115.95,65.88,66,41,14.41
8,Kununurra,AU,2021-04-20 19:48:44,-15.7667,128.7333,66.2,88,7,2.19
9,Souillac,MU,2021-04-20 19:48:44,-20.5167,57.5167,77.0,94,75,5.99
10,Burnie,AU,2021-04-20 19:48:44,-41.0667,145.9167,39.0,84,1,4.0
11,La Ronge,CA,2021-04-20 19:48:45,55.1001,-105.2842,39.2,30,74,4.61
12,Buraydah,SA,2021-04-20 19:48:45,26.326,43.975,78.8,31,0,3.44
13,Pasighat,IN,2021-04-20 19:48:45,28.0667,95.3333,66.47,66,16,4.65
14,Tolaga Bay,NZ,2021-04-20 19:48:46,-38.3667,178.3,63.21,95,100,9.17
15,Nagua,DO,2021-04-20 19:48:46,19.3832,-69.8474,91.4,55,20,4.61
16,Valparaiso,CL,2021-04-20 19:48:46,-33.0393,-71.6273,59.0,100,90,17.27
17,Atar,MR,2021-04-20 19:48:47,20.5169,-13.0499,88.32,11,57,7.76
18,Florianopolis,BR,2021-04-20 19:48:47,-27.6146,-48.5012,73.99,73,75,13.8
19,Vaini,TO,2021-04-20 19:48:47,-21.2,-175.2,71.6,94,75,11.65
20,Cape Town,ZA,2021-04-20 19:48:06,-33.9258,18.4232,63.0,88,0,8.05
21,Tasiilaq,GL,2021-04-20 19:48:48,65.6145,-37.6368,30.67,73,100,4.25
22,Muravlenko,RU,2021-04-20 19:48:48,63.7898,74.523,5.36,96,21,6.38
23,Mahebourg,MU,2021-04-20 19:48:48,-20.4081,57.7,77.0,94,75,6.55
24,Port Alfred,ZA,2021-04-20 19:48:49,-33.5906,26.891,67.14,82,91,20.11
25,Darnah,LY,2021-04-20 19:48:49,32.767,22.6367,59.04,71,0,15.93
26,Kamenka,RU,2021-04-20 19:48:49,51.3223,42.7678,54.0,95,100,28.83
27,Komsomolskiy,UZ,2021-04-20 19:48:50,40.4272,71.7189,57.2,67,90,6.91
28,Yellowknife,CA,2021-04-20 19:46:19,62.456,-114.3525,41.0,56,20,8.05
29,Port Blair,IN,2021-04-20 19:45:15,11.6667,92.75,80.69,73,23,1.83
30,Longyearbyen,SJ,2021-04-20 19:45:25,78.2186,15.6401,26.6,74,75,9.22
31,Jamestown,US,2021-04-20 19:45:55,42.097,-79.2353,41.0,75,90,6.91
32,Bac Lieu,VN,2021-04-20 19:48:51,9.285,105.7244,82.72,75,100,8.34
33,Rajauri,IN,2021-04-20 19:48:51,33.3833,74.3,59.47,60,100,3.53
34,Cayenne,GF,2021-04-20 19:45:31,4.9333,-52.3333,80.6,78,75,8.05
35,Bengkulu,ID,2021-04-20 19:46:05,-3.8004,102.2655,75.92,89,65,3.85
36,Viedma,AR,2021-04-20 19:47:21,-40.8135,-62.9967,79.68,41,46,18.21
37,Albany,US,2021-04-20 19:46:44,42.6001,-73.9662,54.0,52,94,3.0
38,Dicabisagan,PH,2021-04-20 19:48:52,17.0818,122.4157,76.51,92,100,16.4
39,Hermanus,ZA,2021-04-20 19:48:52,-34.4187,19.2345,63.0,79,100,4.0
40,Bluff,NZ,2021-04-20 19:48:53,-46.6,168.3333,51.01,83,39,3.0
41,Skjervoy,NO,2021-04-20 19:48:53,70.0311,20.9714,46.4,53,0,5.75
42,Butaritari,KI,2021-04-20 19:48:53,3.0707,172.7902,81.45,76,100,17.02
43,Provideniya,RU,2021-04-20 19:48:53,64.3833,-173.3,24.8,63,0,6.71
44,Ushuaia,AR,2021-04-20 19:48:54,-54.8,-68.3,48.2,66,0,4.97
45,Saskylakh,RU,2021-04-20 19:48:54,71.9167,114.0833,-18.02,100,85,2.19
46,Tuktoyaktuk,CA,2021-04-20 19:45:51,69.4541,-133.0374,21.2,79,90,19.57
47,Atuona,PF,2021-04-20 19:48:55,-9.8,-139.0333,80.51,72,3,19.04
48,Hambantota,LK,2021-04-20 19:48:55,6.1241,81.1185,78.8,100,20,2.3
49,Ornskoldsvik,SE,2021-04-20 19:48:55,63.2909,18.7153,37.4,70,100,2.3
50,Dudinka,RU,2021-04-20 19:48:56,69.4058,86.1778,-19.21,100,75,2.73
51,Beloha,MG,2021-04-20 19:48:56,-25.1667,45.05,69.94,77,49,15.55
52,Dalbandin,PK,2021-04-20 19:48:56,28.8947,64.4101,75.15,14,0,17.52
53,Los Llanos De Aridane,ES,2021-04-20 19:48:52,28.6585,-17.9182,68.0,77,20,14.97
54,Punta Arenas,CL,2021-04-20 19:48:57,-53.15,-70.9167,50.0,53,20,24.16
55,Vulcan,RO,2021-04-20 19:48:57,45.3833,23.2667,38.35,92,96,2.95
56,Najran,SA,2021-04-20 19:48:19,17.4924,44.1277,77.0,18,0,4.61
57,Saldanha,ZA,2021-04-20 19:47:36,-33.0117,17.9442,62.49,83,59,5.93
58,Kapaa,US,2021-04-20 19:48:58,22.0752,-159.319,78.01,83,90,5.75
59,Awbari,LY,2021-04-20 19:48:58,26.5921,12.7805,76.64,25,92,17.27
60,Rio Gallegos,AR,2021-04-20 19:48:58,-51.6226,-69.2181,57.2,28,0,10.36
61,Mataura,NZ,2021-04-20 19:45:44,-46.1927,168.8643,51.01,83,8,3.0
62,Mitu,CO,2021-04-20 19:47:39,1.1983,-70.1733,85.03,65,97,1.79
63,Lompoc,US,2021-04-20 19:48:59,34.6391,-120.4579,57.99,72,7,18.41
64,Nikolskoye,RU,2021-04-20 19:48:59,59.7035,30.7861,50.0,32,0,8.95
65,Taikang,CN,2021-04-20 19:48:59,46.8333,124.4167,45.93,34,40,9.64
66,Srednekolymsk,RU,2021-04-20 19:49:00,67.45,153.6833,31.89,75,0,9.1
67,East London,ZA,2021-04-20 19:49:00,-33.0153,27.9116,66.72,83,48,13.6
68,Enshi,CN,2021-04-20 19:45:17,30.3,109.4833,59.92,97,97,1.41
69,Yulara,AU,2021-04-20 19:46:53,-25.2406,130.9889,51.8,62,0,8.05
70,Pemangkat,ID,2021-04-20 19:49:01,1.1667,108.9667,77.18,85,2,4.09
71,Busselton,AU,2021-04-20 19:49:01,-33.65,115.3333,46.99,89,6,1.01
72,Cabo San Lucas,MX,2021-04-20 19:45:37,22.8909,-109.9124,82.0,61,1,10.36
73,Constitucion,CL,2021-04-20 19:49:02,-35.3333,-72.4167,57.69,90,100,20.87
74,Clyde River,CA,2021-04-20 19:49:02,70.4692,-68.5914,6.8,85,20,4.61
75,Avarua,CK,2021-04-20 19:49:02,-21.2078,-159.775,78.8,73,40,12.66
76,Khatanga,RU,2021-04-20 19:49:02,71.9667,102.5,-15.21,100,100,1.5
77,Dauriya,RU,2021-04-20 19:49:03,49.9333,116.8667,49.87,31,4,3.89
78,Kidal,ML,2021-04-20 19:49:03,18.4411,1.4078,91.2,6,25,6.04
79,Tonneins,FR,2021-04-20 19:49:04,44.3921,0.3124,60.8,51,0,2.3
80,Ampanihy,MG,2021-04-20 19:49:04,-24.7,44.75,68.07,82,4,14.54
81,Songea,TZ,2021-04-20 19:49:04,-10.6833,35.65,69.8,94,75,2.93
82,Jermuk,AM,2021-04-20 19:49:05,39.8417,45.6723,47.93,69,87,1.48
83,Carnarvon,AU,2021-04-20 19:49:05,-24.8667,113.6333,69.8,68,0,17.27
84,Kholodnyy,RU,2021-04-20 19:49:05,62.7167,147.95,25.48,95,100,3.67
85,Georgetown,MY,2021-04-20 19:48:55,5.4112,100.3354,82.0,89,20,4.61
86,Hobart,AU,2021-04-20 19:48:52,-42.8794,147.3294,39.2,81,4,13.8
87,Cidreira,BR,2021-04-20 19:49:06,-30.1811,-50.2056,71.51,70,8,13.78
88,Gat,IL,2021-04-20 19:49:06,31.61,34.7642,68.0,100,0,6.4
89,Yambio,SS,2021-04-20 19:49:07,4.5721,28.3955,67.93,95,100,7.23
90,Kinkala,CG,2021-04-20 19:49:07,-4.3614,14.7644,80.6,78,20,2.3
91,Songjianghe,CN,2021-04-20 19:49:08,42.1859,127.479,42.19,66,7,5.03
92,Tura,IN,2021-04-20 19:49:08,25.5198,90.2201,73.17,72,0,5.44
93,Campos,BR,2021-04-20 19:47:32,-21.75,-41.3,86.0,48,40,6.04
94,Tamiahua,MX,2021-04-20 19:49:09,21.2667,-97.45,79.81,65,97,12.91
95,Hilo,US,2021-04-20 19:46:33,19.7297,-155.09,80.6,57,20,6.91
96,Lagoa,PT,2021-04-20 19:49:09,39.05,-27.9833,61.45,89,99,20.4
97,Chekhov,RU,2021-04-20 19:45:20,55.1431,37.4711,37.0,96,100,8.68
98,Porto Murtinho,BR,2021-04-20 19:49:10,-21.6989,-57.8825,95.16,22,1,3.27
99,Bara,NG,2021-04-20 19:49:10,10.3744,10.7288,91.98,18,99,5.44
100,Severo-Kurilsk,RU,2021-04-20 19:49:10,50.6789,156.125,34.63,95,99,19.26
101,Vuktyl,RU,2021-04-20 19:49:11,63.8567,57.3094,29.88,95,57,1.97
102,Chuy,UY,2021-04-20 19:49:11,-33.6971,-53.4616,68.9,66,9,11.72
103,Sakakah,SA,2021-04-20 19:49:11,29.9697,40.2064,86.0,10,0,10.36
104,Dawei,MM,2021-04-20 19:49:12,14.0833,98.2,76.39,89,92,1.48
105,Chokurdakh,RU,2021-04-20 19:49:12,70.6333,147.9167,15.62,99,99,3.87
106,Saint George,US,2021-04-20 19:45:59,37.1041,-113.5841,75.99,14,1,5.75
107,Baie-Comeau,CA,2021-04-20 19:49:12,49.2168,-68.1489,41.0,87,90,20.71
108,Gobabis,NA,2021-04-20 19:49:13,-22.45,18.9667,63.05,31,0,10.92
109,Korla,CN,2021-04-20 19:49:13,41.7597,86.1469,63.37,29,95,1.48
110,Thompson,CA,2021-04-20 19:49:13,55.7435,-97.8558,32.0,64,90,12.66
111,Xining,CN,2021-04-20 19:49:14,36.6167,101.7667,46.56,52,100,0.56
112,Kuruman,ZA,2021-04-20 19:49:14,-27.4524,23.4325,60.01,56,8,8.75
113,Tala,EG,2021-04-20 19:49:14,30.6803,30.9429,58.28,76,1,6.4
114,Mount Isa,AU,2021-04-20 19:49:15,-20.7333,139.5,73.4,25,6,10.36
115,Lebu,CL,2021-04-20 19:49:15,-37.6167,-73.65,55.63,94,100,6.31
116,Fortuna,US,2021-04-20 19:49:15,40.5982,-124.1573,53.01,100,90,11.5
117,Vadinsk,RU,2021-04-20 19:49:16,53.6916,43.0574,40.6,91,100,26.69
118,Maarianhamina,AX,2021-04-20 19:49:04,60.0973,19.9348,42.8,56,0,5.75
119,Oxapampa,PE,2021-04-20 19:49:16,-10.5775,-75.4017,70.02,75,47,4.36
120,Puyo,EC,2021-04-20 19:46:05,-1.4667,-77.9833,77.0,65,75,3.44
121,Port-Gentil,GA,2021-04-20 19:49:17,-0.7193,8.7815,80.6,89,20,4.61
122,Meulaboh,ID,2021-04-20 19:49:17,4.1363,96.1285,77.22,87,91,4.63
123,Kruisfontein,ZA,2021-04-20 19:49:17,-34.0033,24.7314,63.0,87,24,1.01
124,Mbanza-Ngungu,CD,2021-04-20 19:49:17,-5.25,14.8667,69.8,80,100,2.8
125,Zhigansk,RU,2021-04-20 19:49:18,66.7697,123.3711,-4.07,100,80,6.15
126,Caloundra,AU,2021-04-20 19:49:18,-26.8,153.1333,64.0,80,0,1.01
127,Puerto Ayora,EC,2021-04-20 19:49:19,-0.7393,-90.3518,82.4,74,40,19.57
128,Saint-Pierre,RE,2021-04-20 19:49:19,-21.3393,55.4781,75.2,94,75,9.22
129,Gali,GE,2021-04-20 19:49:19,42.6265,41.7381,56.16,96,100,2.01
130,Mnogovershinnyy,RU,2021-04-20 19:49:20,53.9353,139.9242,16.9,86,57,4.29
131,Riverton,US,2021-04-20 19:49:20,40.5219,-111.9391,54.0,43,1,9.22
132,Beringovskiy,RU,2021-04-20 19:49:20,63.05,179.3167,18.68,83,12,2.73
133,Ucluelet,CA,2021-04-20 19:45:12,48.9329,-125.5528,50.0,93,90,4.61
134,New Norfolk,AU,2021-04-20 19:44:51,-42.7826,147.0587,39.0,84,10,3.31
135,Belomorsk,RU,2021-04-20 19:49:21,64.5232,34.7668,38.62,76,31,4.97
136,Sabha,LY,2021-04-20 19:48:14,27.0377,14.4283,74.57,24,96,11.43
137,Jalu,LY,2021-04-20 19:49:21,29.0331,21.5482,68.0,22,6,9.46
138,Rawson,AR,2021-04-20 19:49:21,-43.3002,-65.1023,57.2,88,75,9.22
139,Ixtapa,MX,2021-04-20 19:49:22,20.7,-105.2,82.4,65,1,11.5
140,Keetmanshoop,NA,2021-04-20 19:49:22,-26.5833,18.1333,69.8,23,0,6.91
141,Wakkanai,JP,2021-04-20 19:49:22,45.4094,141.6739,40.32,61,93,29.06
142,Nouakchott,MR,2021-04-20 19:45:41,18.0858,-15.9785,68.0,77,58,23.02
143,Lasa,IT,2021-04-20 19:49:23,46.6166,10.7002,57.2,56,0,2.3
144,Itarema,BR,2021-04-20 19:49:23,-2.9248,-39.9167,79.45,81,46,8.57
145,Hami,CN,2021-04-20 19:48:06,42.8,93.45,64.15,26,9,6.67
146,Vinstra,NO,2021-04-20 19:49:24,61.5952,9.7523,39.27,87,100,5.79
147,Irbil,IQ,2021-04-20 19:48:27,36.1926,44.0106,73.4,35,100,3.44
148,Kaitangata,NZ,2021-04-20 19:49:24,-46.2817,169.8464,46.58,84,7,5.03
149,Aykhal,RU,2021-04-20 19:49:24,66.0,111.5,-1.48,98,88,2.28
150,Cherskiy,RU,2021-04-20 19:49:25,68.75,161.3,33.17,69,14,19.22
151,Lisala,CD,2021-04-20 19:49:25,2.15,21.5167,69.76,89,98,3.04
152,Santa Adelia,BR,2021-04-20 19:49:25,-21.2428,-48.8042,76.91,45,2,12.75
153,Hokitika,NZ,2021-04-20 19:49:26,-42.7167,170.9667,52.23,72,100,3.98
154,Porto Novo,BJ,2021-04-20 19:49:26,6.4965,2.6036,84.2,79,40,10.36
155,Manzhouli,CN,2021-04-20 19:49:26,49.6,117.4333,48.43,35,14,3.65
156,Qaanaaq,GL,2021-04-20 19:45:45,77.484,-69.3632,2.98,74,99,5.79
157,Tromso,NO,2021-04-20 19:49:27,69.6496,18.957,46.4,57,75,6.91
158,Vostok,RU,2021-04-20 19:47:30,46.4856,135.8833,25.41,52,0,5.48
159,Berlevag,NO,2021-04-20 19:49:27,70.8578,29.0864,44.6,53,0,28.77
160,Epiniana,GR,2021-04-20 19:49:28,39.1429,21.6134,39.0,83,26,5.12
161,San Vicente,AR,2021-04-20 19:49:28,-26.6167,-54.1333,79.25,36,14,2.73
162,Ilhabela,BR,2021-04-20 19:46:25,-23.7781,-45.3581,71.55,83,39,8.16
163,Wenling,CN,2021-04-20 19:49:29,28.3669,121.36,57.65,91,34,3.06
164,Pisco,PE,2021-04-20 19:49:29,-13.7,-76.2167,75.2,64,0,23.02
165,Bilma,NE,2021-04-20 19:49:29,18.6853,12.9164,90.99,7,0,7.96
166,Simao,CN,2021-04-20 19:49:29,22.7886,100.9748,61.3,55,0,0.87
167,Tanggulangin,ID,2021-04-20 19:49:30,-7.4996,112.6999,77.0,83,20,4.61
168,Sao Filipe,CV,2021-04-20 19:49:30,14.8961,-24.4956,73.49,72,100,14.81
169,Gushi,CN,2021-04-20 19:49:30,34.6425,109.5843,55.89,92,100,5.53
170,Barrow,US,2021-04-20 19:49:31,71.2906,-156.7887,14.0,79,1,17.27
171,Kaseda,JP,2021-04-20 19:49:31,31.4167,130.3167,58.5,76,0,4.36
172,Saint-Francois,FR,2021-04-20 19:49:32,46.4154,3.9054,55.4,54,0,3.44
173,Marsh Harbour,BS,2021-04-20 19:49:32,26.5412,-77.0636,81.05,73,100,16.91
174,Bilibino,RU,2021-04-20 19:49:32,68.0546,166.4372,17.92,79,64,3.31
175,San Policarpo,PH,2021-04-20 19:49:32,12.1791,125.5072,76.37,88,100,7.23
176,Ozernovskiy,RU,2021-04-20 19:49:33,51.5,156.5167,35.98,89,18,10.31
177,Alice Springs,AU,2021-04-20 19:45:45,-23.7,133.8833,48.2,53,0,4.61
178,Nanortalik,GL,2021-04-20 19:49:33,60.1432,-45.2371,34.75,75,100,8.55
179,Bay City,US,2021-04-20 19:49:34,43.5945,-83.8889,41.0,48,90,8.05
180,Anloga,GH,2021-04-20 19:49:34,5.7947,0.8973,84.2,84,20,9.22
181,Yablonovo,RU,2021-04-20 19:49:34,50.8523,37.3574,41.0,93,75,11.18
182,Norman Wells,CA,2021-04-20 19:49:35,65.282,-126.8329,35.6,69,20,23.02
183,Bambous Virieux,MU,2021-04-20 19:49:35,-20.3428,57.7575,77.0,94,75,6.69
184,Caravelas,BR,2021-04-20 19:49:35,-17.7125,-39.2481,78.4,75,97,5.17
185,Sambava,MG,2021-04-20 19:49:36,-14.2667,50.1667,75.72,91,100,13.42
186,Senanga,ZM,2021-04-20 19:49:36,-16.1167,23.2667,65.53,55,83,5.75
187,Mangan,IN,2021-04-20 19:49:36,27.5167,88.5333,67.3,73,83,4.65
188,Yar-Sale,RU,2021-04-20 19:49:37,66.8333,70.8333,10.85,97,100,5.23
189,Bredasdorp,ZA,2021-04-20 19:49:37,-34.5322,20.0403,63.0,79,100,4.0
190,Lakes Entrance,AU,2021-04-20 19:49:38,-37.8811,147.981,46.0,86,85,1.01
191,Launceston,AU,2021-04-20 19:49:38,-41.45,147.1667,34.0,86,1,3.44
192,Dingle,PH,2021-04-20 19:49:39,10.9995,122.6711,76.75,84,100,6.15
193,Kundiawa,PG,2021-04-20 19:49:39,-6.0167,144.9667,61.43,95,100,2.73
194,Karratha,AU,2021-04-20 19:49:39,-20.7377,116.8463,75.65,50,2,5.57
195,Mehamn,NO,2021-04-20 19:49:40,71.0357,27.8492,41.0,65,0,20.71
196,Vila Velha,BR,2021-04-20 19:46:38,-20.3297,-40.2925,79.0,73,75,5.75
197,Yushu,CN,2021-04-20 19:49:40,44.8,126.5333,45.61,24,8,7.34
198,Sistranda,NO,2021-04-20 19:49:40,63.7256,8.834,42.8,87,75,10.36
199,Gari,RU,2021-04-20 19:49:41,59.4307,62.3497,34.93,81,7,6.13
200,Partizanskoye,RU,2021-04-20 19:49:41,55.5006,94.39,15.62,84,15,11.14
201,Pangnirtung,CA,2021-04-20 19:49:42,66.1451,-65.7125,19.4,86,90,2.3
202,Paredon,MX,2021-04-20 19:49:42,16.0333,-93.8667,90.23,46,37,10.98
203,Umea,SE,2021-04-20 19:48:54,63.8284,20.2597,39.0,93,0,2.3
204,Bure,ET,2021-04-20 19:49:42,10.7,37.0667,66.74,45,95,2.75
205,Motygino,RU,2021-04-20 19:49:43,58.1831,94.7592,17.24,96,100,2.24
206,Tessalit,ML,2021-04-20 19:49:43,20.1986,1.0114,87.08,4,87,5.82
207,Asaka,JP,2021-04-20 19:49:44,35.8047,139.6019,63.0,43,2,10.29
208,Ribeira Grande,PT,2021-04-20 19:49:44,38.5167,-28.7,64.4,88,75,17.27
209,Port Hedland,AU,2021-04-20 19:49:44,-20.3167,118.5667,69.8,64,40,8.05
210,Port Elizabeth,ZA,2021-04-20 19:49:45,-33.918,25.5701,64.4,88,20,10.36
211,Joshimath,IN,2021-04-20 19:49:45,30.5667,79.5667,51.8,92,100,3.09
212,Pangkalanbuun,ID,2021-04-20 19:49:45,-2.6833,111.6167,73.35,88,13,1.72
213,Cooma,AU,2021-04-20 19:49:46,-36.2333,149.1333,35.6,93,75,11.5
214,Sawtell,AU,2021-04-20 19:49:46,-30.3833,153.1,50.0,87,0,6.51
215,Namatanai,PG,2021-04-20 19:49:46,-3.6667,152.4333,81.03,80,100,7.96
216,Jinchang,CN,2021-04-20 19:49:47,38.4953,102.1739,53.01,42,89,4.12
217,Padang,ID,2021-04-20 19:49:47,-0.9492,100.3543,78.33,88,100,2.28
218,Nago,JP,2021-04-20 19:49:47,26.5881,127.9761,69.8,68,1,10.36
219,La Sarre,CA,2021-04-20 19:45:11,48.8002,-79.1996,23.68,64,100,15.86
220,Walvis Bay,NA,2021-04-20 19:49:48,-22.9575,14.5053,80.01,43,3,1.99
221,Coquimbo,CL,2021-04-20 19:49:48,-29.9533,-71.3436,68.0,49,40,14.97
222,San Luis,AR,2021-04-20 19:46:11,-33.295,-66.3356,79.83,42,23,20.65
223,Akyab,MM,2021-04-20 19:49:48,20.15,92.9,78.57,87,4,7.14
224,Pevek,RU,2021-04-20 19:49:49,69.7008,170.3133,23.72,68,44,18.52
225,Mattru,SL,2021-04-20 19:49:49,7.6244,-11.8332,81.1,79,28,5.66
226,Seydi,TM,2021-04-20 19:49:50,39.4816,62.9137,66.31,37,65,14.45
227,Upernavik,GL,2021-04-20 19:49:50,72.7868,-56.1549,14.58,77,98,1.83
228,Rundu,NA,2021-04-20 19:49:50,-17.9333,19.7667,63.21,42,1,5.99
229,Anadyr,RU,2021-04-20 19:49:50,64.75,177.4833,12.2,85,20,2.24
230,Inhambane,MZ,2021-04-20 19:49:51,-23.865,35.3833,69.94,86,22,6.73
231,Verkhnevilyuysk,RU,2021-04-20 19:49:51,63.4453,120.3167,-11.34,100,100,0.51
232,Santa Cruz,BO,2021-04-20 19:49:51,-17.8,-63.1667,86.0,62,40,8.05
233,Kahului,US,2021-04-20 19:49:52,20.8947,-156.47,78.8,73,40,4.61
234,Fukue,JP,2021-04-20 19:49:52,32.6881,128.8419,61.47,57,28,5.08
235,Hasaki,JP,2021-04-20 19:47:47,35.7333,140.8333,51.8,93,20,2.3
236,Gandajika,CD,2021-04-20 19:49:53,-6.75,23.95,68.86,92,100,2.26
237,Saint-Augustin,CA,2021-04-20 19:49:53,51.226,-58.6502,47.64,49,76,10.04
238,Bereda,ES,2021-04-20 19:49:53,43.2686,-7.5406,50.0,100,34,1.01
239,Hithadhoo,MV,2021-04-20 19:46:05,-0.6,73.0833,82.38,66,89,5.41
240,Tiksi,RU,2021-04-20 19:49:54,71.6872,128.8694,9.86,95,100,11.45
241,Vieux-Habitants,GP,2021-04-20 19:49:54,16.0589,-61.7659,82.4,61,75,13.8
242,Berdsk,RU,2021-04-20 19:49:54,54.7551,83.0967,26.6,59,0,8.95
243,Phalaborwa,ZA,2021-04-20 19:49:04,-23.943,31.1411,69.8,73,37,4.61
244,Chingirlau,KZ,2021-04-20 19:49:55,51.095,54.0814,37.62,49,96,14.81
245,Soe,ID,2021-04-20 19:49:55,-9.8607,124.284,62.78,94,27,2.57
246,Newport,GB,2021-04-20 19:47:12,51.5877,-2.9984,55.99,54,97,5.75
247,Agua Verde,MX,2021-04-20 19:49:56,22.9,-106.05,84.2,48,1,6.91
248,Sept-Iles,CA,2021-04-20 19:45:52,50.2001,-66.3821,46.4,71,100,4.61
249,Kozhva,RU,2021-04-20 19:49:56,65.1073,57.0459,29.46,96,29,2.62
250,Opuwo,NA,2021-04-20 19:49:56,-18.0607,13.84,71.08,32,4,8.28
251,Khandyga,RU,2021-04-20 19:49:57,62.6667,135.6,15.06,95,100,5.32
252,Teguise,ES,2021-04-20 19:48:25,29.0605,-13.564,68.0,73,20,18.41
253,Plouzane,FR,2021-04-20 19:49:57,48.3833,-4.6167,53.6,71,0,12.37
254,Muros,ES,2021-04-20 19:46:12,42.7762,-9.0603,57.99,90,89,1.99
255,Laguna,US,2021-04-20 19:49:57,38.421,-121.4238,71.01,40,1,11.5
256,Mareeba,AU,2021-04-20 19:49:58,-17.0,145.4333,73.99,94,75,3.44
257,Kavarna,BG,2021-04-20 19:49:58,43.4333,28.3333,50.0,81,40,3.44
258,Safaga,EG,2021-04-20 19:49:58,26.7292,33.9365,80.6,50,0,8.05
259,Genhe,CN,2021-04-20 19:49:59,50.7833,121.5167,38.91,68,48,4.83
260,Qaqortoq,GL,2021-04-20 19:48:16,60.7167,-46.0333,44.6,39,75,6.91
261,Flinders,AU,2021-04-20 19:49:59,-34.5833,150.8552,57.0,70,19,1.99
262,Praia Da Vitoria,PT,2021-04-20 19:50:00,38.7333,-27.0667,71.6,56,20,10.6
263,Riyadh,SA,2021-04-20 19:49:26,24.6877,46.7219,84.2,20,0,4.81
264,Det Udom,TH,2021-04-20 19:50:00,14.906,105.0784,87.01,89,41,3.44
265,Jaisalmer,IN,2021-04-20 19:50:00,26.9147,70.9181,75.69,44,34,9.95
266,Talnakh,RU,2021-04-20 19:50:01,69.4865,88.3972,-11.25,87,60,2.42
267,San Cristobal,VE,2021-04-20 19:50:01,7.7669,-72.225,91.4,46,20,11.5
268,Tabou,CI,2021-04-20 19:50:02,4.423,-7.3528,81.9,79,32,8.03
269,Geraldton,AU,2021-04-20 19:50:02,-28.7667,114.6,57.2,88,0,10.36
270,Soyo,AO,2021-04-20 19:50:03,-6.1349,12.3689,79.43,83,99,8.1
271,Tuatapere,NZ,2021-04-20 19:50:04,-46.1333,167.6833,51.01,83,97,3.0
272,Avrille,FR,2021-04-20 19:49:31,47.5,-0.5833,55.0,71,0,2.3
273,Lewisporte,CA,2021-04-20 19:50:04,49.2499,-55.0482,33.8,100,90,24.16
274,Erenhot,CN,2021-04-20 19:50:04,43.6475,111.9767,58.37,19,100,11.27
275,Khon Buri,TH,2021-04-20 19:50:05,14.5254,102.2459,84.0,92,73,4.5
276,Cap Malheureux,MU,2021-04-20 19:50:05,-19.9842,57.6142,77.0,83,97,1.99
277,Ewa Beach,US,2021-04-20 19:50:05,21.3156,-158.0072,81.0,65,1,1.68
278,Sobolevo,RU,2021-04-20 19:50:06,54.4299,31.8996,39.02,86,100,8.21
279,Salihorsk,BY,2021-04-20 19:50:06,52.7876,27.5415,41.54,85,83,4.07
280,Bud,US,2021-04-20 19:50:06,39.447,-86.1758,44.01,80,100,13.29
281,Nome,US,2021-04-20 19:50:07,64.5011,-165.4064,28.4,64,1,6.91
282,Arraial Do Cabo,BR,2021-04-20 19:50:07,-22.9661,-42.0278,78.8,73,0,34.52
283,Esperance,AU,2021-04-20 19:50:07,-33.8667,121.9,55.4,100,90,4.61
284,Brownsville,US,2021-04-20 19:47:35,25.9018,-97.4975,82.99,44,40,9.22
285,Alyangula,AU,2021-04-20 19:50:08,-13.8483,136.4192,77.0,100,40,8.68
286,Victoria,HK,2021-04-20 19:45:40,22.2855,114.1577,73.0,84,83,1.99
287,Aksu,CN,2021-04-20 19:50:08,41.1231,80.2644,61.7,34,12,6.44
288,Oktyabrskiy,RU,2021-04-20 19:50:09,54.4815,53.471,36.25,51,30,4.38
289,Westport,US,2021-04-20 19:50:09,41.1415,-73.3579,73.4,49,1,17.27
290,Scottsbluff,US,2021-04-20 19:50:09,41.8666,-103.6672,37.99,52,40,17.27
291,Narsaq,GL,2021-04-20 19:50:10,60.9167,-46.05,44.6,39,75,6.91
292,Mabaruma,GY,2021-04-20 19:50:10,8.2,-59.7833,83.39,56,14,6.96
293,Qingyuan,CN,2021-04-20 19:50:10,23.7,113.0333,75.0,73,75,6.71
294,Kavieng,PG,2021-04-20 19:50:11,-2.5744,150.7967,82.35,73,100,4.14
295,Coolum Beach,AU,2021-04-20 19:50:11,-26.5333,153.1,64.0,78,0,8.28
296,Balad,IQ,2021-04-20 19:46:25,34.0164,44.1453,88.11,14,100,3.06
297,Bethel,US,2021-04-20 19:48:27,41.3712,-73.414,73.4,27,1,16.11
298,Dikson,RU,2021-04-20 19:50:12,73.5069,80.5464,4.68,89,100,19.42
299,Mirnyy,RU,2021-04-20 19:50:12,62.5353,113.9611,13.6,91,100,9.66
300,Belaya Gora,RU,2021-04-20 19:50:12,68.5333,146.4167,11.48,99,100,2.48
301,Panaba,MX,2021-04-20 19:50:13,21.2833,-88.2667,84.25,64,100,9.06
302,Abnub,EG,2021-04-20 19:50:13,27.2696,31.1511,87.8,27,0,14.97
303,Castro,BR,2021-04-20 19:50:14,-24.7911,-50.0119,68.13,63,8,4.25
304,Ibb,YE,2021-04-20 19:50:14,13.9667,44.1833,65.21,44,72,5.14
305,Faanui,PF,2021-04-20 19:50:14,-16.4833,-151.75,81.99,72,22,12.53
306,Upata,VE,2021-04-20 19:50:15,8.0086,-62.3989,91.0,48,34,7.0
307,Seymchan,RU,2021-04-20 19:50:15,62.8833,152.4333,23.18,83,60,3.96
308,Quatre Cocos,MU,2021-04-20 19:50:15,-20.2078,57.7625,77.0,94,75,7.27
309,Half Moon Bay,US,2021-04-20 19:45:46,37.4636,-122.4286,59.0,82,75,17.27
310,Totma,RU,2021-04-20 19:50:16,59.9747,42.7642,34.23,75,52,6.53
311,Ahipara,NZ,2021-04-20 19:50:16,-35.1667,173.1667,61.36,94,25,3.58
312,Puerto Escondido,MX,2021-04-20 19:50:17,15.85,-97.0667,86.0,74,40,5.75
313,Malakal,SS,2021-04-20 19:50:17,9.5334,31.6605,91.04,28,65,4.36
314,Mountain Home,US,2021-04-20 19:47:05,43.133,-115.6912,53.6,15,1,12.66
315,Mezen,RU,2021-04-20 19:50:17,65.8522,44.24,35.24,78,1,5.35
316,Kudahuvadhoo,MV,2021-04-20 19:46:16,2.6708,72.8944,82.18,67,81,6.44
317,Waingapu,ID,2021-04-20 19:48:10,-9.6567,120.2641,72.72,73,25,5.86
318,Port Hawkesbury,CA,2021-04-20 19:50:18,45.6169,-61.3485,48.0,93,90,13.8
319,Taoudenni,ML,2021-04-20 19:50:18,22.6783,-3.9836,89.58,9,24,8.77
320,Mariestad,SE,2021-04-20 19:50:19,58.7097,13.8237,46.0,65,3,1.14
321,Guerrero Negro,MX,2021-04-20 19:50:19,27.9769,-114.0611,73.24,46,5,13.18
322,Isangel,VU,2021-04-20 19:50:19,-19.55,169.2667,78.13,85,53,10.6
323,Rio Grande,BR,2021-04-20 19:50:20,-32.035,-52.0986,75.2,64,75,18.41
324,Osa,RU,2021-04-20 19:50:20,57.2829,55.4567,36.91,54,0,0.83
325,Iberia,US,2021-04-20 19:50:20,29.9502,-91.7507,75.2,38,1,3.44
326,Jijiga,ET,2021-04-20 19:50:21,9.35,42.8,67.68,58,22,6.15
327,Grand Gaube,MU,2021-04-20 19:50:21,-20.0064,57.6608,77.0,83,96,1.99
328,Kongoussi,BF,2021-04-20 19:50:21,13.3258,-1.5347,95.47,9,8,8.66
329,Nantucket,US,2021-04-20 19:47:05,41.2835,-70.0995,57.2,67,1,16.11
330,Ino,JP,2021-04-20 19:50:22,33.55,133.4333,55.71,53,70,5.26
331,Sulangan,PH,2021-04-20 19:50:22,11.1373,123.7228,82.04,77,100,14.25
332,Buchanan,LR,2021-04-20 19:50:23,5.8808,-10.0467,82.4,83,40,3.44
333,Payo,ID,2021-04-20 19:50:23,-3.7508,103.6372,72.0,97,99,1.9
334,Gucheng,CN,2021-04-20 19:50:23,35.9115,111.3192,56.16,88,100,2.21
335,Balabac,PH,2021-04-20 19:50:24,7.9868,117.0645,80.38,80,100,12.64
336,Lumby,CA,2021-04-20 19:50:24,50.2498,-118.969,64.99,29,5,3.44
337,Klaksvik,FO,2021-04-20 19:50:24,62.2266,-6.589,37.4,70,7,17.27
338,Rocha,UY,2021-04-20 19:50:24,-34.4833,-54.3333,67.42,75,6,12.24
339,Darhan,MN,2021-04-20 19:50:25,49.4867,105.9228,38.64,63,0,7.52
340,Omboue,GA,2021-04-20 19:50:25,-1.5746,9.2618,79.39,82,91,2.66
341,Sitka,US,2021-04-20 19:50:25,57.0531,-135.33,46.4,76,75,9.22
342,Avera,US,2021-04-20 19:50:26,33.194,-82.5271,73.4,53,90,6.91
343,Kalmunai,LK,2021-04-20 19:50:26,7.4167,81.8167,79.36,81,46,2.04
344,Uarini,BR,2021-04-20 19:50:26,-2.99,-65.1083,80.6,78,90,5.75
345,Hofn,IS,2021-04-20 19:50:27,64.2539,-15.2082,39.06,46,3,3.62
346,Gambiran,ID,2021-04-20 19:50:27,-6.7988,111.4951,71.11,85,4,5.37
347,Indianola,US,2021-04-20 19:50:27,41.3581,-93.5574,43.0,33,90,13.8
348,Shingu,JP,2021-04-20 19:50:28,33.7333,135.9833,53.67,64,52,6.35
349,Itacoatiara,BR,2021-04-20 19:50:28,-3.1431,-58.4442,82.04,79,100,4.09
350,Chapais,CA,2021-04-20 19:46:14,49.7834,-74.8492,35.6,69,75,23.02
351,Plock,PL,2021-04-20 19:50:28,52.5468,19.7064,53.6,62,20,3.44
352,Canon City,US,2021-04-20 19:50:29,38.441,-105.2424,35.6,60,1,3.44
353,Rexburg,US,2021-04-20 19:50:29,43.826,-111.7897,43.0,22,1,6.91
354,Gboko,NG,2021-04-20 19:50:30,7.3179,8.9951,89.42,46,100,7.85
355,Banda Aceh,ID,2021-04-20 19:50:30,5.5577,95.3222,80.53,78,96,6.62
356,Olavarria,AR,2021-04-20 19:50:30,-36.8927,-60.3225,73.4,56,40,19.57
357,Porirua,NZ,2021-04-20 19:50:30,-41.1333,174.85,57.0,93,100,1.01
358,Ponta Do Sol,PT,2021-04-20 19:50:31,32.6667,-17.1,63.0,70,92,1.99
359,Ilulissat,GL,2021-04-20 19:50:31,69.2167,-51.1,19.4,73,40,8.05
360,Vila Franca Do Campo,PT,2021-04-20 19:48:09,37.7167,-25.4333,62.6,94,75,10.36
361,San Patricio,US,2021-04-20 19:50:32,28.017,-97.5169,82.99,36,1,5.75
362,Piney Green,US,2021-04-20 19:50:32,34.716,-77.3202,73.4,31,1,10.36
363,Takoradi,GH,2021-04-20 19:50:32,4.8845,-1.7554,81.82,81,76,9.26
364,Torbay,CA,2021-04-20 19:50:32,47.6666,-52.7314,39.99,81,90,24.16
365,Kharan,PK,2021-04-20 19:50:33,28.5833,65.4167,76.55,12,0,6.42
366,Heishan,CN,2021-04-20 19:50:33,41.6892,122.1128,52.48,67,51,10.29
367,Kemin,KG,2021-04-20 19:50:33,42.7846,75.6892,47.57,75,62,6.38
368,Hare Bay,CA,2021-04-20 19:50:34,48.8499,-54.0148,37.4,87,100,8.05
369,Doha,QA,2021-04-20 19:50:34,25.2867,51.5333,82.99,54,0,2.3
370,Touros,BR,2021-04-20 19:50:34,-5.1989,-35.4608,84.2,70,40,13.8
371,Bundaberg,AU,2021-04-20 19:50:35,-24.85,152.35,68.0,77,90,6.91
372,The Pas,CA,2021-04-20 19:50:35,53.8251,-101.2541,35.6,48,1,10.36
373,Shu,KZ,2021-04-20 19:50:35,43.5983,73.7614,52.0,57,100,7.0
374,Acarau,BR,2021-04-20 19:47:07,-2.8856,-40.12,79.86,80,65,9.48
375,Dharchula,IN,2021-04-20 19:50:36,29.85,80.5333,63.41,43,100,3.78
376,Egvekinot,RU,2021-04-20 19:50:36,66.3167,-179.1667,16.86,76,46,1.48
377,Benguela,AO,2021-04-20 19:50:37,-12.5763,13.4055,80.46,85,18,1.77
378,Lac Du Bonnet,CA,2021-04-20 19:50:37,50.2536,-96.0612,32.0,99,100,7.0
379,Spartanburg,US,2021-04-20 19:50:22,34.9496,-81.9321,73.99,35,75,3.44
380,Chiang Rai,TH,2021-04-20 19:50:38,19.9167,99.9167,75.2,83,0,5.75
381,Turukhansk,RU,2021-04-20 19:50:38,65.8167,87.9833,-0.87,98,13,5.17
382,Edgewater,US,2021-04-20 19:50:38,28.9889,-80.9023,68.0,94,90,10.36
383,Jiazi,CN,2021-04-20 19:50:39,22.8779,116.067,69.4,78,73,12.77
384,Catamarca,AR,2021-04-20 19:50:39,-28.4696,-65.7852,82.99,63,55,13.0
385,Kokoda,PG,2021-04-20 19:50:39,-8.8785,147.7407,73.83,92,89,1.99
386,Uyutne,UA,2021-04-20 19:50:40,45.1994,33.3014,48.0,78,100,14.58
387,Bukama,CD,2021-04-20 19:50:40,-9.2,25.85,68.95,93,99,0.38
388,Boralday,KZ,2021-04-20 19:50:40,43.3578,76.8594,46.4,81,40,4.47
389,Hauterive,FR,2021-04-20 19:50:41,46.0901,3.4459,55.4,81,90,4.61
390,Rurrenabaque,BO,2021-04-20 19:50:41,-14.4413,-67.5278,86.0,79,75,1.45
391,Saint-Philippe,RE,2021-04-20 19:50:41,-21.3585,55.7679,75.2,94,75,9.22
392,Lorengau,PG,2021-04-20 19:50:42,-2.0226,147.2712,81.12,79,100,10.54
393,Brae,GB,2021-04-20 19:50:42,60.3964,-1.353,42.8,75,40,25.32
394,Sola,VU,2021-04-20 19:50:42,-13.8833,167.55,83.28,74,57,14.9
395,Harper,LR,2021-04-20 19:50:43,4.375,-7.7169,81.68,80,49,7.74
396,Esik,KZ,2021-04-20 19:50:43,43.3552,77.4525,46.4,81,40,4.47
397,Airai,TL,2021-04-20 19:50:44,-8.9266,125.4092,57.0,91,75,0.92
398,Roma,US,2021-04-20 19:45:57,43.2128,-75.4557,48.2,57,90,10.36
399,Sandy Bay,AU,2021-04-20 19:50:44,-42.913,147.3532,39.2,81,5,13.8
400,Jalingo,NG,2021-04-20 19:50:44,8.8833,11.3667,90.18,42,100,6.06
401,Salalah,OM,2021-04-20 19:50:45,17.0151,54.0924,82.4,78,0,3.44
402,Preobrazheniye,RU,2021-04-20 19:50:45,42.9019,133.9064,39.94,49,0,7.38
403,Itoman,JP,2021-04-20 19:50:45,26.1247,127.6694,69.8,68,20,12.66
404,Sura,RU,2021-04-20 19:50:46,53.8879,45.7419,41.4,71,100,22.95
405,Langarud,IR,2021-04-20 19:50:46,37.197,50.1535,64.4,94,100,4.61
406,Vanino,RU,2021-04-20 19:50:46,49.0869,140.2543,30.97,80,95,7.2
407,Kaeo,NZ,2021-04-20 19:46:28,-35.1,173.7833,59.0,98,27,3.0
408,Lundazi,ZM,2021-04-20 19:50:47,-12.2929,33.1782,62.31,86,100,7.9
409,Paita,PE,2021-04-20 19:50:47,-5.0892,-81.1144,86.0,51,0,16.11
410,Faya,SA,2021-04-20 19:50:48,18.3851,42.4509,64.4,51,40,11.5
411,La Asuncion,VE,2021-04-20 19:47:23,11.0333,-63.8628,79.84,71,82,20.65
412,Isilkul,RU,2021-04-20 19:50:48,54.9109,71.2728,32.4,53,99,15.84
413,Guaxupe,BR,2021-04-20 19:50:48,-21.3053,-46.7128,69.8,60,20,3.78
414,Paamiut,GL,2021-04-20 19:50:49,61.994,-49.6678,33.64,90,12,14.23
415,College,US,2021-04-20 19:50:49,64.8569,-147.8028,39.2,38,20,10.36
416,Eureka,US,2021-04-20 19:47:52,40.8021,-124.1637,57.0,82,40,16.11
417,Shelopugino,RU,2021-04-20 19:50:49,51.6514,117.5599,41.59,55,0,5.32
418,Naze,JP,2021-04-20 19:48:12,28.3667,129.4833,63.75,64,27,14.18
419,Baykit,RU,2021-04-20 19:50:50,61.67,96.37,16.36,97,100,2.84
420,Rajanpur,PK,2021-04-20 19:50:50,29.1035,70.325,69.69,62,72,6.44
421,Ostrovnoy,RU,2021-04-20 19:50:51,68.0531,39.5131,35.06,69,0,22.64
422,Bairiki,KI,2021-04-20 19:50:51,1.3292,172.9752,80.6,83,75,8.05
423,Thinadhoo,MV,2021-04-20 19:50:51,0.5333,72.9333,82.08,69,100,5.88
424,Ust-Nera,RU,2021-04-20 19:50:52,64.5667,143.2,28.4,95,100,5.97
425,Luderitz,NA,2021-04-20 19:50:52,-26.6481,15.1594,70.81,58,8,7.9
426,San Ramon,US,2021-04-20 19:48:38,37.7799,-121.978,64.99,55,20,13.8
427,Namibe,AO,2021-04-20 19:49:06,-15.1961,12.1522,80.85,82,30,4.12
428,Roald,NO,2021-04-20 19:46:48,62.5833,6.1333,39.2,93,75,8.05
429,San Fernando,PH,2021-04-20 19:50:52,15.0286,120.6898,78.8,83,90,2.3
430,Locri,IT,2021-04-20 19:50:53,38.2414,16.2623,57.0,67,30,5.75
431,Yerbogachen,RU,2021-04-20 19:50:53,61.2767,108.0108,19.83,95,100,5.19
432,Talcahuano,CL,2021-04-20 19:46:17,-36.7167,-73.1167,55.4,94,90,9.22
433,Mitsamiouli,KM,2021-04-20 19:50:54,-11.3847,43.2844,81.39,73,100,8.34
434,Gagatli,RU,2021-04-20 19:50:54,42.8013,46.2916,52.9,58,98,4.27
435,Gamba,GA,2021-04-20 19:50:54,-2.65,10.0,78.31,85,82,2.98
436,Oranjemund,NA,2021-04-20 19:50:55,-28.55,16.4333,60.98,91,5,3.33
437,Auki,SB,2021-04-20 19:50:55,-8.7676,160.7034,78.67,84,100,4.14
438,Shelburne,CA,2021-04-20 19:46:21,44.0787,-80.2041,37.99,73,100,15.61
439,Fare,PF,2021-04-20 19:50:55,-16.7,-151.0167,81.82,72,51,12.39
440,Bull Savanna,JM,2021-04-20 19:50:56,17.8868,-77.5902,83.41,54,6,19.24
441,Forio,IT,2021-04-20 19:50:56,40.7342,13.8646,55.99,77,5,3.0
442,Acapulco,MX,2021-04-20 19:50:31,16.8634,-99.8901,86.0,58,40,8.05
443,Miramar,US,2021-04-20 19:50:57,25.9873,-80.2323,84.2,69,20,18.41
444,Ronda,ES,2021-04-20 19:50:57,36.7423,-5.1671,62.01,59,68,1.01
445,Camacha,PT,2021-04-20 19:50:57,33.0833,-16.3333,64.4,72,40,4.61
446,Siparia,TT,2021-04-20 19:50:58,10.1333,-61.5,84.2,58,40,16.11
447,Shieli,KZ,2021-04-20 19:50:58,44.1667,66.75,46.15,65,74,18.25
448,Vestmannaeyjar,IS,2021-04-20 19:50:58,63.4427,-20.2734,40.41,65,17,10.89
449,Terrace,CA,2021-04-20 19:50:59,54.5163,-128.6035,53.6,40,40,5.75
450,Nalut,LY,2021-04-20 19:50:59,30.3333,10.85,72.0,17,7,9.73
451,Sale,MA,2021-04-20 19:50:59,34.0389,-6.8166,64.0,77,40,4.61
452,Gold Coast,AU,2021-04-20 19:50:59,-28.0,153.4333,66.2,72,0,12.66
453,Puerto Baquerizo Moreno,EC,2021-04-20 19:51:00,-0.9,-89.6,84.2,70,75,13.8
454,Kadaya,RU,2021-04-20 19:51:00,50.9327,119.2911,42.75,50,0,3.38
455,Uinskoye,RU,2021-04-20 19:51:01,56.8817,56.5813,35.67,58,2,1.19
456,Pringsewu,ID,2021-04-20 19:51:01,-5.3582,104.9744,72.72,96,14,1.63
457,Kashi,CN,2021-04-20 19:51:01,39.4547,75.9797,64.4,17,20,15.66
458,Kabalo,CD,2021-04-20 19:51:02,-6.05,26.9167,70.72,91,97,3.56
459,Otane,NZ,2021-04-20 19:51:02,-39.8833,176.6333,57.99,96,100,6.29
460,Nouadhibou,MR,2021-04-20 19:51:03,20.931,-17.0347,66.2,82,0,20.71
461,Boa Vista,BR,2021-04-20 19:51:03,2.8197,-60.6733,91.4,38,40,13.8
462,Rio Tercero,AR,2021-04-20 19:51:03,-32.173,-64.1141,78.01,59,53,17.0
463,Asaba,NG,2021-04-20 19:51:04,6.2006,6.7338,83.23,70,51,8.68
464,Senno,RU,2021-04-20 19:51:04,59.5336,33.9167,39.0,64,98,5.06
465,Alta Floresta,BR,2021-04-20 19:51:04,-9.8756,-56.0861,89.6,51,20,4.61
466,Nishihara,JP,2021-04-20 19:46:58,26.1842,127.7558,69.8,68,75,13.8
467,Gurupi,BR,2021-04-20 19:51:05,-11.7292,-49.0686,78.66,81,52,4.34
468,Cascais,PT,2021-04-20 19:51:05,38.6979,-9.4215,60.01,79,51,11.9
469,Biak,ID,2021-04-20 19:51:06,-0.9131,122.8766,75.74,85,96,3.31
470,Billings,US,2021-04-20 19:49:05,45.7833,-108.5007,41.0,56,90,14.97
471,Matongo,TZ,2021-04-20 19:51:06,-2.3833,34.0833,65.57,87,100,5.12
472,Methoni,GR,2021-04-20 19:51:06,36.8197,21.7049,50.0,76,42,3.44
473,Grindavik,IS,2021-04-20 19:51:07,63.8424,-22.4338,41.0,60,20,11.5
474,Sao Miguel Do Araguaia,BR,2021-04-20 19:50:23,-13.275,-50.1628,80.78,72,8,1.72
475,Formosa Do Rio Preto,BR,2021-04-20 19:51:07,-11.0483,-45.1931,77.5,76,96,4.43
476,Bathsheba,BB,2021-04-20 19:51:08,13.2167,-59.5167,84.2,54,40,20.71
477,Fairbanks,US,2021-04-20 19:51:08,64.8378,-147.7164,39.2,38,1,6.91
478,Prince Rupert,CA,2021-04-20 19:46:33,54.3161,-130.3201,50.0,81,40,6.91
479,Saurimo,AO,2021-04-20 19:51:08,-9.6608,20.3916,66.83,91,100,2.51
480,Saint-Joseph,RE,2021-04-20 19:46:49,-21.3667,55.6167,75.2,94,75,9.22
481,Mao,ES,2021-04-20 19:51:09,39.8885,4.2658,57.2,88,20,9.22
482,Asfi,MA,2021-04-20 19:51:09,32.2994,-9.2372,63.37,80,11,18.61
483,Khani,GE,2021-04-20 19:51:09,41.9563,42.9566,53.6,94,90,3.44
484,Reno,US,2021-04-20 19:48:18,39.5296,-119.8138,69.01,14,20,5.75
485,Doka,SD,2021-04-20 19:47:13,13.5167,35.7667,94.48,15,15,9.31
486,Kismayo,SO,2021-04-20 19:51:10,-0.3582,42.5454,81.95,77,96,13.96
487,Port Lincoln,AU,2021-04-20 19:51:10,-34.7333,135.8667,52.95,62,8,3.04
488,Coachella,US,2021-04-20 19:49:13,33.6803,-116.1739,91.99,9,1,4.61
489,Port-Cartier,CA,2021-04-20 19:51:11,50.0334,-66.8654,46.4,71,100,4.61
490,Moree,AU,2021-04-20 19:51:11,-29.4667,149.85,46.4,87,0,5.59
491,Sorland,NO,2021-04-20 19:51:12,67.667,12.6934,44.6,81,75,27.63
492,Kutum,SD,2021-04-20 19:51:12,14.2,24.6667,81.05,8,4,12.17
493,Tateyama,JP,2021-04-20 19:51:12,34.9833,139.8667,59.0,52,17,11.54
494,Graaff-Reinet,ZA,2021-04-20 19:51:13,-32.2522,24.5308,66.0,68,71,5.01
495,Gull Lake,CA,2021-04-20 19:51:13,50.1001,-108.4847,37.4,38,1,9.22
496,Arona,ES,2021-04-20 19:51:13,28.0996,-16.681,69.01,73,20,20.71
497,Tshikapa,CD,2021-04-20 19:51:14,-6.4167,20.8,70.75,97,100,1.12
498,Kamensk-Uralskiy,RU,2021-04-20 19:51:14,56.4185,61.9329,36.59,70,0,8.9
499,General Roca,AR,2021-04-20 19:51:14,-39.0333,-67.5833,75.2,73,40,2.3
500,Aljezur,PT,2021-04-20 19:51:15,37.3191,-8.8033,57.78,86,16,9.22
501,Ancud,CL,2021-04-20 19:51:15,-41.8697,-73.8203,52.0,87,90,5.75
502,Velyka Lepetykha,UA,2021-04-20 19:51:15,47.1757,33.9436,47.03,84,89,10.54
503,Mazatlan,MX,2021-04-20 19:51:16,23.2167,-106.4167,84.2,48,1,6.91
504,Fergus Falls,US,2021-04-20 19:51:16,46.283,-96.0776,37.4,41,90,16.11
505,Jatiroto,ID,2021-04-20 19:47:07,-7.8833,111.1167,69.98,85,13,3.13
506,Mount Gambier,AU,2021-04-20 19:51:16,-37.8333,140.7667,41.0,100,90,6.91
507,Ambilobe,MG,2021-04-20 19:51:17,-13.2,49.05,73.09,93,86,5.17
508,Leningradskiy,RU,2021-04-20 19:51:17,69.3833,178.4167,25.86,69,79,6.15
509,Baruun-Urt,MN,2021-04-20 19:51:18,46.6806,113.2792,57.43,18,100,16.02
510,Vila,PT,2021-04-20 19:51:18,42.0304,-8.1588,54.0,82,18,5.99
511,Iglesias,IT,2021-04-20 19:51:18,39.3114,8.535,57.2,88,20,6.91
512,Sokolo,ML,2021-04-20 19:51:18,14.7328,-6.1219,97.27,10,0,7.56
513,Bida,NG,2021-04-20 19:51:19,9.0833,6.0167,89.78,44,100,7.16
514,Matagami,CA,2021-04-20 19:51:19,49.7502,-77.6328,19.4,79,90,14.97
515,Antofagasta,CL,2021-04-20 19:46:38,-23.65,-70.4,68.0,56,0,12.66
516,Dwarka,IN,2021-04-20 19:51:20,22.2394,68.9678,80.38,79,100,13.04
517,Alofi,NU,2021-04-20 19:51:20,-19.0595,-169.9187,78.8,94,40,6.91
518,Lima,PE,2021-04-20 19:49:38,-12.0432,-77.0282,73.99,73,0,14.97
519,Moose Factory,CA,2021-04-20 19:51:20,51.2585,-80.6094,17.6,86,90,17.27
520,Haflong,IN,2021-04-20 19:51:21,25.1833,93.0333,69.24,49,4,1.05
521,Ferkessedougou,CI,2021-04-20 19:51:21,9.6,-5.2,86.29,50,95,3.06
522,Raton,US,2021-04-20 19:51:21,36.9034,-104.4391,39.0,40,90,4.61
523,Bad Bevensen,DE,2021-04-20 19:51:22,53.0833,10.5833,51.8,43,20,5.75
524,Dunedin,NZ,2021-04-20 19:51:22,-45.8742,170.5036,52.0,75,7,3.91
525,Santiago,CL,2021-04-20 19:50:02,-33.4569,-70.6483,72.0,48,51,2.3
526,Liverpool,GB,2021-04-20 19:51:15,53.4106,-2.9779,55.4,58,20,9.22
527,Hobyo,SO,2021-04-20 19:51:23,5.3505,48.5268,83.91,70,85,13.15
528,Aswan,EG,2021-04-20 19:51:23,24.0934,32.907,90.59,19,42,9.1
529,Estelle,US,2021-04-20 19:51:23,29.8458,-90.1067,77.0,46,20,6.91
530,Yenagoa,NG,2021-04-20 19:49:26,4.9247,6.2642,80.11,78,78,4.76
531,Te Anau,NZ,2021-04-20 19:51:24,-45.4167,167.7167,46.89,89,78,1.63
532,Coihaique,CL,2021-04-20 19:51:24,-45.5752,-72.0662,50.0,76,75,4.61
533,Palmer,US,2021-04-20 19:51:24,42.1584,-72.3287,73.4,25,75,21.85
534,Khujner,IN,2021-04-20 19:51:25,23.7833,76.6,88.29,23,100,10.89
535,Fukuma,JP,2021-04-20 19:51:25,33.7667,130.4667,55.0,71,99,5.75
536,Kurumkan,RU,2021-04-20 19:51:25,54.3,110.3,34.47,66,100,3.29
537,Mindelo,CV,2021-04-20 19:51:06,16.8901,-24.9804,73.4,60,75,29.93
538,Port Macquarie,AU,2021-04-20 19:47:03,-31.4333,152.9167,51.01,93,30,1.99
539,Saint-Leu,RE,2021-04-20 19:51:26,-21.15,55.2833,75.2,94,75,9.22
540,Ryotsu,JP,2021-04-20 19:51:26,38.0833,138.4333,46.2,64,0,4.32
541,Sotnikovo,RU,2021-04-20 19:51:27,51.8845,107.4791,35.6,69,40,8.95
542,Springdale,US,2021-04-20 19:49:04,36.1867,-94.1288,34.0,100,40,11.5
543,Chake Chake,TZ,2021-04-20 19:51:27,-5.2459,39.7666,77.11,85,100,13.22
544,Melaka,MY,2021-04-20 19:51:28,2.196,102.2405,77.0,94,20,4.38
545,Vetlanda,SE,2021-04-20 19:51:28,57.4289,15.0776,53.6,47,35,8.05
546,Cairns,AU,2021-04-20 19:51:15,-16.9167,145.7667,73.99,94,75,3.44
547,Sinnamary,GF,2021-04-20 19:51:29,5.3833,-52.95,75.34,92,100,10.07
548,Yantzaza,EC,2021-04-20 19:51:29,-3.8278,-78.7594,77.59,82,85,3.0
549,Inta,RU,2021-04-20 19:51:29,66.0317,60.1659,29.01,95,25,10.02
550,Kawalu,ID,2021-04-20 19:51:30,-7.3817,108.2082,69.93,93,24,2.04
551,Kieta,PG,2021-04-20 19:51:30,-6.2167,155.6333,79.97,82,48,2.13
552,Pitimbu,BR,2021-04-20 19:51:30,-7.4706,-34.8086,82.4,83,20,9.22
553,Taguatinga,BR,2021-04-20 19:51:31,-12.3857,-46.5711,76.48,85,72,3.67
554,Dublin,US,2021-04-20 19:51:31,37.7021,-121.9358,64.0,55,20,13.8
555,Flin Flon,CA,2021-04-20 19:51:31,54.7682,-101.865,37.4,38,75,8.05
556,Herat,AF,2021-04-20 19:51:32,34.5,62.0,62.01,35,61,7.05
557,Barranco,PA,2021-04-20 19:51:32,9.5167,-82.7,84.2,79,75,11.5
558,Bobcaygeon,CA,2021-04-20 19:51:33,44.5462,-78.542,41.0,52,75,16.11
